Country;Building Name;Cost Center;Grid;Month;Year;Account Number;Amount FX;Avg kW;KWH;SAP Number
BRASIL;ACADEMIA BRASILEIRA DE LETRAS;J639LT1;DATACENTER;01;2021;61210005;7,04;0,00;0,00;189185
BRASIL;ACADEMIA BRASILEIRA DE LETRAS;J639LT1;DATACENTER;02;2021;61210005;7,04;0,00;0,00;189185
BRASIL;ACADEMIA BRASILEIRA DE LETRAS;J639LT1;DATACENTER;03;2021;61210005;5,28;0,00;0,00;189185
BRASIL;ACADEMIA BRASILEIRA DE LETRAS;J639LT1;DATACENTER;04;2021;61210005;6,80;0,00;0,00;189185
BRASIL;ALEGRETE;J639LT1;SHELTER;10;2020;61210005;783,69;0,00;12.474,00;189054
BRASIL;ALEGRETE;J639LT1;SHELTER;11;2020;61210005;888,41;0,00;17.381,00;189054
BRASIL;ALEGRETE;J639LT1;SHELTER;12;2020;61210005;859,94;0,00;4.412,00;189054
BRASIL;ALEGRETE;J639LT1;SHELTER;01;2021;61210005;982,27;0,00;5.263,00;189054
BRASIL;ALEGRETE;J639LT1;SHELTER;04;2021;61210005;784,27;0,00;4.238,00;189054
BRASIL;ALTA - AMERICA LATINA TELECOM AVANC;J639LT1;DATACENTER;01;2021;61210005;5.596,17;0,00;0,00;189271
BRASIL;ALTA - AMERICA LATINA TELECOM AVANC;J639LT1;DATACENTER;02;2021;61210005;5.596,17;0,00;0,00;189271
BRASIL;ALTA - AMERICA LATINA TELECOM AVANC;J639LT1;DATACENTER;03;2021;61210005;5.596,17;0,00;0,00;189271
BRASIL;ALTA - AMERICA LATINA TELECOM AVANC;J639LT1;DATACENTER;04;2021;61210005;5.596,17;0,00;0,00;189271
PANAMA;Ambush Range Cable Landing;K631LT1;CABLE STATION;01;2021;61210005;0,00;0,00;26.784,68;156841
PANAMA;Ambush Range Cable Landing;K631LT1;CABLE STATION;02;2021;61210005;0,00;0,00;23.557,61;156841
PANAMA;Ambush Range Cable Landing;K631LT1;CABLE STATION;03;2021;61210005;0,00;0,00;26.354,41;156841
BRASIL;ANCHIETA;J639LT1;SHELTER;10;2020;61210005;84,74;0,00;51.866,00;185934
BRASIL;ANCHIETA;J639LT1;SHELTER;11;2020;61210005;92,57;0,00;52.552,00;185934
BRASIL;ANCHIETA;J639LT1;SHELTER;12;2020;61210005;99,65;0,00;719,00;185934
BRASIL;ANCHIETA;J639LT1;SHELTER;01;2021;61210005;98,18;0,00;672,00;185934
BRASIL;ANCHIETA;J639LT1;SHELTER;02;2021;61210005;86,43;0,00;623,00;185934
BRASIL;ANCHIETA;J639LT1;SHELTER;03;2021;61210005;97,43;0,00;391.989,00;185934
BRASIL;ANCHIETA;J639LT1;SHELTER;04;2021;61210005;99,22;0,00;715,00;185934
BRASIL;ANEL VIÁRIO;J639LT1;SHELTER;10;2020;61210005;55,48;0,00;12.895,00;187744
BRASIL;ANEL VIÁRIO;J639LT1;SHELTER;12;2020;61210005;185,76;0,00;7.280,00;187744
BRASIL;ANEL VIÁRIO;J639LT1;SHELTER;01;2021;61210005;93,35;0,00;6.068,00;187744
BRASIL;ANEL VIÁRIO;J639LT1;SHELTER;02;2021;61210005;1.072,99;0,00;6.360,00;187744
BRASIL;ANEL VIÁRIO;J639LT1;SHELTER;03;2021;61210005;57,28;0,00;6.280,00;187744
BRASIL;ANEL VIÁRIO;J639LT1;SHELTER;04;2021;61210005;59,11;0,00;7.160,00;187744
BRASIL;ARGENTINA;J639LT1;NODO;10;2020;61210005;4,89;0,00;30,00;186586
BRASIL;ARGENTINA;J639LT1;NODO;11;2020;61210005;4,87;0,00;30,00;186586
BRASIL;ARGENTINA;J639LT1;NODO;01;2021;61210005;5,06;0,00;30,00;186586
BRASIL;ARGENTINA;J639LT1;NODO;02;2021;61210005;5,00;0,00;30,00;186586
BRASIL;ARGENTINA;J639LT1;NODO;03;2021;61210005;5,01;0,00;30,00;186586
BRASIL;ARGENTINA;J639LT1;NODO;04;2021;61210005;5,24;0,00;30,00;186586
BRASIL;ASCENTY DATA CENTERS E TELECOMUNICA;J639LT1;DATACENTER;01;2021;61210005;1.133,31;0,00;0,00;189581
BRASIL;ASCENTY DATA CENTERS E TELECOMUNICA;J639LT1;DATACENTER;02;2021;61210005;1.133,31;0,00;0,00;189581
BRASIL;ASCENTY DATA CENTERS E TELECOMUNICA;J639LT1;DATACENTER;03;2021;61210005;1.076,13;0,00;0,00;189857
BRASIL;ASCENTY DATA CENTERS E TELECOMUNICA;J639LT1;DATACENTER;04;2021;61210005;1.289,58;0,00;0,00;186287
BRASIL;ATIBAIA;J639LT1;SHELTER;10;2020;61210005;1.172,34;0,00;2.078,00;187647
BRASIL;ATIBAIA;J639LT1;SHELTER;11;2020;61210005;1.067,28;0,00;2.262,00;187647
BRASIL;ATIBAIA;J639LT1;SHELTER;12;2020;61210005;1.188,71;0,00;7.800,00;187647
BRASIL;ATIBAIA;J639LT1;SHELTER;01;2021;61210005;1.275,91;0,00;8.640,00;187647
BRASIL;ATIBAIA;J639LT1;SHELTER;02;2021;61210005;1.265,80;0,00;8.760,00;187647
BRASIL;ATIBAIA;J639LT1;SHELTER;03;2021;61210005;1.095,22;0,00;7.480,00;187647
BRASIL;ATIBAIA;J639LT1;SHELTER;04;2021;61210005;1.323,31;0,00;9.120,00;187647
PANAMA;Balboa Telehouse;K631LT6;TELEPORTO;01;2021;65366540;0,00;0,00;9.919,62;ATK12345
PANAMA;Balboa Telehouse;K631LT6;TELEPORTO;02;2021;65366540;0,00;0,00;8.442,73;ATK12345
PANAMA;Balboa Telehouse;K631LT6;TELEPORTO;03;2021;65366540;0,00;0,00;9.010,76;ATK12345
BRASIL;BALSA NOVA;J639LT1;SHELTER;10;2020;61210005;279,24;0,00;45.395,00;186585
BRASIL;BALSA NOVA;J639LT1;SHELTER;11;2020;61210005;230,20;0,00;46.942,00;186585
BRASIL;BALSA NOVA;J639LT1;SHELTER;12;2020;61210005;238,90;0,00;1.536,00;186585
BRASIL;BALSA NOVA;J639LT1;SHELTER;01;2021;61210005;333,52;0,00;2.029,00;186585
BRASIL;BALSA NOVA;J639LT1;SHELTER;02;2021;61210005;311,82;0,00;2.033,00;186585
BRASIL;BALSA NOVA;J639LT1;SHELTER;03;2021;61210005;235,40;0,00;1.531,00;186585
BRASIL;BALSA NOVA;J639LT1;SHELTER;04;2021;61210005;309,82;0,00;2.039,00;186585
BRASIL;BARBACENA;J639LT1;SHELTER;10;2020;61210005;40,58;0,00;440,00;187744
BRASIL;BARBACENA;J639LT1;SHELTER;12;2020;61210005;45,35;0,00;3.040,00;187744
BRASIL;BARBACENA;J639LT1;SHELTER;01;2021;61210005;43,13;0,00;3.260,00;187744
BRASIL;BARBACENA;J639LT1;SHELTER;02;2021;61210005;65,03;0,00;3.280,00;187744
BRASIL;BARBACENA;J639LT1;SHELTER;03;2021;61210005;52,63;0,00;3.080,00;187744
BRASIL;BARBACENA;J639LT1;SHELTER;04;2021;61210005;36,78;0,00;3.240,00;187744
BRASIL;BARRA FUNDA;J639LT1;NODO;10;2020;61210005;293,89;0,00;75.779,00;185934
BRASIL;BARRA FUNDA;J639LT1;NODO;11;2020;61210005;247,43;0,00;77.666,00;185934
BRASIL;BARRA FUNDA;J639LT1;NODO;12;2020;61210005;258,22;0,00;1.919,00;185934
BRASIL;BARRA FUNDA;J639LT1;NODO;01;2021;61210005;270,37;0,00;1.906,00;185934
BRASIL;BARRA FUNDA;J639LT1;NODO;02;2021;61210005;268,24;0,00;2.012,00;185934
BRASIL;BARRA FUNDA;J639LT1;NODO;03;2021;61210005;224,67;0,00;1.644,00;185934
BRASIL;BARRA FUNDA;J639LT1;NODO;04;2021;61210005;262,32;0,00;1.950,00;185934
BRASIL;BENTO GONÇALVES;J639LT1;SHELTER;10;2020;61210005;475,76;0,00;53.171,00;189054
BRASIL;BENTO GONÇALVES;J639LT1;SHELTER;11;2020;61210005;374,80;0,00;55.287,00;189054
BRASIL;BENTO GONÇALVES;J639LT1;SHELTER;01;2021;61210005;875,15;0,00;4.660,00;189054
BRASIL;BENTO GONÇALVES;J639LT1;SHELTER;02;2021;61210005;343,32;0,00;2.327,00;189054
BRASIL;BENTO GONÇALVES;J639LT1;SHELTER;03;2021;61210005;423,30;0,00;2.338,00;189054
BRASIL;BENTO GONÇALVES;J639LT1;SHELTER;04;2021;61210005;858,06;0,00;4.794,00;189054
BRASIL;BERRINE;J639LT1;NODO;10;2020;61210005;4.980,49;0,00;72.686,00;185934
BRASIL;BERRINE;J639LT1;NODO;11;2020;61210005;5.578,91;0,00;73.774,00;185934
BRASIL;BERRINE;J639LT1;NODO;12;2020;61210005;5.157,05;0,00;39.680,00;185934
BRASIL;BERRINE;J639LT1;NODO;01;2021;61210005;5.829,90;0,00;41.680,00;185934
BRASIL;BERRINE;J639LT1;NODO;03;2021;61210005;5.034,06;0,00;37.760,00;185934
BRASIL;BERRINE;J639LT1;NODO;04;2021;61210005;5.773,94;0,00;43.840,00;185934
BRASIL;BETIM;J639LT1;SHELTER;10;2020;61210005;30,79;0,00;827,00;187744
BRASIL;BETIM;J639LT1;SHELTER;01;2021;61210005;73,45;0,00;336,00;187744
BRASIL;BETIM;J639LT1;SHELTER;02;2021;61210005;32,35;0,00;1.640,00;187744
BRASIL;BETIM;J639LT1;SHELTER;03;2021;61210005;32,06;0,00;1.800,00;187744
BRASIL;BETIM;J639LT1;SHELTER;04;2021;61210005;32,24;0,00;1.921,00;187744
BRASIL;BEXIGA;J639LT1;SHELTER;10;2020;61210005;506,60;0,00;89.731,00;189821
BRASIL;BEXIGA;J639LT1;SHELTER;11;2020;61210005;592,48;0,00;92.145,00;189821
BRASIL;BEXIGA;J639LT1;SHELTER;12;2020;61210005;450,69;0,00;2.771,00;189821
BRASIL;BEXIGA;J639LT1;SHELTER;01;2021;61210005;397,03;0,00;2.271,00;189821
BRASIL;BEXIGA;J639LT1;SHELTER;02;2021;61210005;432,36;0,00;2.583,00;189821
BRASIL;BEXIGA;J639LT1;SHELTER;03;2021;61210005;446,36;0,00;2.672,00;189821
BRASIL;BEXIGA;J639LT1;SHELTER;04;2021;61210005;378,72;0,00;2.310,00;189821
BRASIL;BH 1;J639LT1;NODO;10;2020;61210005;19,58;0,00;574,00;187744
BRASIL;BH 1;J639LT1;NODO;12;2020;61210005;909,70;0,00;6.320,00;187744
BRASIL;BH 1;J639LT1;NODO;01;2021;61210005;1.051,38;0,00;5.873,00;187744
BRASIL;BH 1;J639LT1;NODO;02;2021;61210005;1.131,83;0,00;7.400,00;187744
BRASIL;BH 1;J639LT1;NODO;03;2021;61210005;1.490,59;0,00;15.600,00;187744
BRASIL;BH 1;J639LT1;NODO;04;2021;61210005;2.894,52;0,00;17.800,00;187744
BRASIL;BH 2;J639LT1;NODO;10;2020;61210005;275,20;0,00;60.676,00;187744
BRASIL;BH 2;J639LT1;NODO;12;2020;61210005;277,61;0,00;47.760,00;187744
BRASIL;BH 2;J639LT1;NODO;01;2021;61210005;25,01;0,00;63.814,00;187744
BRASIL;BH 2;J639LT1;NODO;02;2021;61210005;293,83;0,00;46.200,00;187744
BRASIL;BH 2;J639LT1;NODO;03;2021;61210005;163,90;0,00;100,00;187744
BRASIL;BH 2;J639LT1;NODO;04;2021;61210005;218,28;0,00;39.120,00;187744
BRASIL;BRASILIA;J639LT1;NODO;10;2020;61210005;3.460,22;0,00;39.864,00;187744
BRASIL;BRASILIA;J639LT1;NODO;11;2020;61210005;4,87;0,00;28,00;187744
BRASIL;BRASILIA;J639LT1;NODO;12;2020;61210005;3.335,18;0,00;532,00;187744
BRASIL;BRASILIA;J639LT1;NODO;01;2021;61210005;4.342,74;0,00;27.594,00;187744
BRASIL;BRASILIA;J639LT1;NODO;02;2021;61210005;3.228,67;0,00;15.704,40;187744
BRASIL;BRASILIA;J639LT1;NODO;03;2021;61210005;3.549,67;0,00;24.810,00;187744
BRASIL;BRASILIA;J639LT1;NODO;04;2021;61210005;3.604,36;0,00;26.662,00;187744
BRASIL;BROOKLIN;J639LT1;NODO;10;2020;61210005;610,61;0,00;1.260,00;185934
BRASIL;BROOKLIN;J639LT1;NODO;11;2020;61210005;594,12;0,00;1.362,00;185934
BRASIL;BROOKLIN;J639LT1;NODO;12;2020;61210005;733,80;0,00;4.680,00;185934
BRASIL;BROOKLIN;J639LT1;NODO;01;2021;61210005;484,57;0,00;3.160,00;185934
BRASIL;BROOKLIN;J639LT1;NODO;02;2021;61210005;823,12;0,00;5.760,00;185934
BRASIL;BROOKLIN;J639LT1;NODO;03;2021;61210005;689,54;0,00;4.640,00;185934
BRASIL;BROOKLIN;J639LT1;NODO;04;2021;61210005;568,87;0,00;4.280,00;185934
BRASIL;BT COMMUNICATIONS DO BRASIL LTDA;J639LT1;DATACENTER;01;2021;61210005;1.889,03;0,00;0,00;195225
BRASIL;BT COMMUNICATIONS DO BRASIL LTDA;J639LT1;DATACENTER;02;2021;61210005;1.889,03;0,00;0,00;195225
BRASIL;BT COMMUNICATIONS DO BRASIL LTDA;J639LT1;DATACENTER;03;2021;61210005;1.889,03;0,00;0,00;195225
BRASIL;BT COMMUNICATIONS DO BRASIL LTDA;J639LT1;DATACENTER;04;2021;61210005;1.889,03;0,00;0,00;195225
ARGENTINA;Cable Landing Las Toninas;J638LT1;CABLE STATION;01;2021;61210005;4.961,36;0,00;121.293,00;191154
ARGENTINA;Cable Landing Las Toninas;J638LT1;CABLE STATION;02;2021;61210005;4.655,86;0,00;111.399,00;191154
ARGENTINA;Cable Landing Las Toninas;J638LT1;CABLE STATION;03;2021;61210005;4.960,69;0,00;121.915,00;191154
PERU;Cable Landing Lurin;J644LT6;CABLE STATION;01;2021;65366540;19.457,09;0,00;229.929,28;187039
PERU;Cable Landing Lurin;J644LT6;CABLE STATION;02;2021;65366540;18.120,50;0,00;207.652,73;187039
PERU;Cable Landing Lurin;J644LT6;CABLE STATION;03;2021;65366540;18.867,85;0,00;222.286,41;187039
PERU;Cable Landing Lurin;J644LT6;CABLE STATION;04;2021;65366540;17.456,30;0,00;200.656,90;187039
MEXICO;Cable Landing Mazatlan;J646LT6;CABLE STATION;01;2021;65366540;6.950,27;0,00;72.718,00;190280
MEXICO;Cable Landing Mazatlan;J646LT6;CABLE STATION;02;2021;65366540;6.745,11;0,00;67.774,00;190280
MEXICO;Cable Landing Mazatlan;J646LT6;CABLE STATION;03;2021;65366540;7.843,10;0,00;75.026,00;190280
MEXICO;Cable Landing Mazatlan;J646LT6;CABLE STATION;04;2021;65366540;7.626,37;0,00;75.856,00;190280
COLOMBIA;Cable Landing Punta Bazan;J642LT1;CABLE STATION;01;2021;61210005;9.007,13;0,00;55.440,00;191416
BRASIL;CABLE LANDING RIO DE JANEIRO;J639LT6;CABLE STATION;10;2020;65366540;8.954,86;0,00;186,45;189660
BRASIL;CABLE LANDING RIO DE JANEIRO;J639LT6;CABLE STATION;11;2020;65366540;8.584,75;0,00;178,74;189660
BRASIL;CABLE LANDING RIO DE JANEIRO;J639LT6;CABLE STATION;12;2020;65366540;9.081,89;0,00;189,09;189660
BRASIL;CABLE LANDING RIO DE JANEIRO;J639LT6;CABLE STATION;01;2021;65366540;11.824,15;0,00;0,00;186585
BRASIL;CABLE LANDING RIO DE JANEIRO;J639LT6;CABLE STATION;02;2021;65366540;8.453,21;0,00;176.213,00;701985
BRASIL;CABLE LANDING RIO DE JANEIRO;J639LT6;CABLE STATION;03;2021;65366540;5.448,84;0,00;0,00;186585
BRASIL;CABLE LANDING RIO DE JANEIRO;J639LT6;CABLE STATION;04;2021;65366540;10.972,89;0,00;0,00;186585
BRASIL;CABLE LANDING SANTOS;J639LT6;CABLE STATION;10;2020;65366540;9.621,40;0,00;200,33;189660
BRASIL;CABLE LANDING SANTOS;J639LT6;CABLE STATION;11;2020;65366540;9.655,55;0,00;201,04;189660
BRASIL;CABLE LANDING SANTOS;J639LT6;CABLE STATION;12;2020;65366540;10.036,08;0,00;208.961,00;189660
BRASIL;CABLE LANDING SANTOS;J639LT6;CABLE STATION;01;2021;65366540;9.323,31;0,00;0,00;187623
BRASIL;CABLE LANDING SANTOS;J639LT6;CABLE STATION;02;2021;65366540;9.657,39;0,00;201.315,00;701985
BRASIL;CABLE LANDING SANTOS;J639LT6;CABLE STATION;03;2021;65366540;9.172,21;0,00;0,00;187623
BRASIL;CABLE LANDING SANTOS;J639LT6;CABLE STATION;04;2021;65366540;8.394,91;0,00;0,00;187623
MEXICO;Cable Landing Tijuana;J646LT6;CABLE STATION;01;2021;65366540;2.955,21;0,00;41.286,00;190280
MEXICO;Cable Landing Tijuana;J646LT6;CABLE STATION;02;2021;65366540;2.924,73;0,00;38.794,00;190280
MEXICO;Cable Landing Tijuana;J646LT6;CABLE STATION;03;2021;65366540;3.119,84;0,00;43.512,00;190280
MEXICO;Cable Landing Tijuana;J646LT6;CABLE STATION;04;2021;65366540;3.259,92;0,00;43.722,00;190280
CHILE;Cable Landing Valparaiso;J645LT1;CABLE STATION;12;2020;61210005;19.770,59;0,00;123.000,00;189909
CHILE;Cable Landing Valparaiso;J645LT1;CABLE STATION;01;2021;61210005;16.558,73;0,00;122.400,00;189909
CHILE;Cable Landing Valparaiso;J645LT1;CABLE STATION;02;2021;61210005;15.780,85;0,00;115.500,00;189909
BRASIL;CACEQUI;J639LT1;SHELTER;10;2020;61210005;488,71;0,00;85.420,00;189054
BRASIL;CACEQUI;J639LT1;SHELTER;11;2020;61210005;323,39;0,00;87.345,00;189054
BRASIL;CACEQUI;J639LT1;SHELTER;01;2021;61210005;490,25;0,00;2.741,00;189054
BRASIL;CACEQUI;J639LT1;SHELTER;02;2021;61210005;549,65;0,00;3.219,00;189054
BRASIL;CACEQUI;J639LT1;SHELTER;03;2021;61210005;479,60;0,00;2.676,00;189054
BRASIL;CACEQUI;J639LT1;SHELTER;04;2021;61210005;471,31;0,00;2.641,00;189054
BRASIL;CAMPINA GRANDE;J639LT1;SHELTER;10;2020;61210005;453,19;0,00;27.306,00;186585
BRASIL;CAMPINA GRANDE;J639LT1;SHELTER;11;2020;61210005;429,11;0,00;30.460,00;186585
BRASIL;CAMPINA GRANDE;J639LT1;SHELTER;12;2020;61210005;20,45;0,00;4,10;186585
BRASIL;CAMPINA GRANDE;J639LT1;SHELTER;01;2021;61210005;560,15;0,00;3.498,00;186585
BRASIL;CAMPINA GRANDE;J639LT1;SHELTER;02;2021;61210005;493,50;0,00;3.589,00;186585
BRASIL;CAMPINA GRANDE;J639LT1;SHELTER;03;2021;61210005;1.111,61;0,00;7.408,00;186585
BRASIL;CAMPINA GRANDE;J639LT1;SHELTER;04;2021;61210005;589,29;0,00;3.905,00;186585
BRASIL;CAMPINAS 2112;J639LT1;NODO;10;2020;61210005;545,79;0,00;37.771,00;187571
BRASIL;CAMPINAS 2112;J639LT1;NODO;11;2020;61210005;480,89;0,00;41.296,00;187571
BRASIL;CAMPINAS 2112;J639LT1;NODO;12;2020;61210005;600,16;0,00;4.024,00;187571
BRASIL;CAMPINAS 2112;J639LT1;NODO;01;2021;61210005;522,19;0,00;3.709,00;187571
BRASIL;CAMPINAS 2112;J639LT1;NODO;02;2021;61210005;477,67;0,00;3.439,00;187571
BRASIL;CAMPINAS 2112;J639LT1;NODO;03;2021;61210005;536,58;0,00;3.812,00;187571
BRASIL;CAMPINAS 2112;J639LT1;NODO;04;2021;61210005;0,00;0,00;44,00;187571
BRASIL;CAMPINAS 2113;J639LT1;NODO;10;2020;61210005;9,36;0,00;41.998,00;187571
BRASIL;CAMPINAS 2113;J639LT1;NODO;11;2020;61210005;7,86;0,00;42.056,00;187571
BRASIL;CAMPINAS 2113;J639LT1;NODO;12;2020;61210005;0,00;0,00;50,00;187571
BRASIL;CAMPINAS 2113;J639LT1;NODO;01;2021;61210005;18,05;0,00;76,00;187571
BRASIL;CAMPINAS 2113;J639LT1;NODO;02;2021;61210005;0,00;0,00;41,00;187571
BRASIL;CAMPINAS 2113;J639LT1;NODO;03;2021;61210005;31,11;0,00;151,00;187571
BRASIL;CAMPINAS 2113;J639LT1;NODO;04;2021;61210005;547,75;0,00;3.874,00;187571
BRASIL;CAREAÇU;J639LT1;SHELTER;10;2020;61210005;48,64;0,00;22.516,00;187744
BRASIL;CAREAÇU;J639LT1;SHELTER;12;2020;61210005;94,74;0,00;6.800,00;187744
BRASIL;CAREAÇU;J639LT1;SHELTER;01;2021;61210005;53,55;0,00;6.802,00;187744
BRASIL;CAREAÇU;J639LT1;SHELTER;02;2021;61210005;50,80;0,00;5.840,00;187744
BRASIL;CAREAÇU;J639LT1;SHELTER;03;2021;61210005;0,00;0,00;6.480,00;187744
BRASIL;CAREAÇU;J639LT1;SHELTER;04;2021;61210005;0,00;0,00;6.480,00;187744
BRASIL;CENESP;J639LT1;NODO;10;2020;61210005;108,39;0,00;94.445,00;185934
BRASIL;CENESP;J639LT1;NODO;11;2020;61210005;100,81;0,00;95.187,00;185934
BRASIL;CENESP;J639LT1;NODO;12;2020;61210005;117,42;0,00;828,00;185934
BRASIL;CENESP;J639LT1;NODO;01;2021;61210005;110,16;0,00;767,00;185934
BRASIL;CENESP;J639LT1;NODO;02;2021;61210005;99,69;0,00;720,00;185934
BRASIL;CENESP;J639LT1;NODO;03;2021;61210005;114,42;0,00;816,00;185934
BRASIL;CENESP;J639LT1;NODO;04;2021;61210005;106,81;0,00;768,00;185934
BRASIL;CENTRO VELHO;J639LT1;NODO;10;2020;61210005;231,31;0,00;8.205,00;185934
BRASIL;CENTRO VELHO;J639LT1;NODO;11;2020;61210005;201,31;0,00;84.405,00;185934
BRASIL;CENTRO VELHO;J639LT1;NODO;12;2020;61210005;248,32;0,00;1.667,00;185934
BRASIL;CENTRO VELHO;J639LT1;NODO;01;2021;61210005;234,86;0,00;1.566,00;185934
BRASIL;CENTRO VELHO;J639LT1;NODO;02;2021;61210005;211,77;0,00;1.472,00;185934
BRASIL;CENTRO VELHO;J639LT1;NODO;03;2021;61210005;246,83;0,00;1.683,00;185934
BRASIL;CENTRO VELHO;J639LT1;NODO;04;2021;61210005;205,88;0,00;1.521,00;185934
BRASIL;CITTA AMÉRICA;J639LT1;NODO;10;2020;61210005;0,00;0,00;15.996,00;186586
BRASIL;CITTA AMÉRICA;J639LT1;NODO;11;2020;61210005;16,22;0,00;16.098,00;186586
BRASIL;CITTA AMÉRICA;J639LT1;NODO;01;2021;61210005;15,92;0,00;95,00;186586
BRASIL;CITTA AMÉRICA;J639LT1;NODO;02;2021;61210005;15,35;0,00;92,00;186586
BRASIL;CITTA AMÉRICA;J639LT1;NODO;03;2021;61210005;19,19;0,00;106,00;186586
BRASIL;CITTA AMÉRICA;J639LT1;NODO;04;2021;61210005;17,09;0,00;97,00;186586
BRASIL;COMD.DO EDIF.COMERCIAL ATAULFO CORP;J639LT1;DATACENTER;01;2021;61210005;21,45;0,00;0,00;186738
BRASIL;COMD.DO EDIF.COMERCIAL ATAULFO CORP;J639LT1;DATACENTER;02;2021;61210005;26,97;0,00;0,00;186738
BRASIL;COMD.DO EDIF.COMERCIAL ATAULFO CORP;J639LT1;DATACENTER;03;2021;61210005;26,97;0,00;0,00;186738
BRASIL;COMD.DO EDIF.COMERCIAL ATAULFO CORP;J639LT1;DATACENTER;04;2021;61210005;26,97;0,00;0,00;186738
BRASIL;COND ED CENTRO EMPR INTERN RIO;J639LT1;DATACENTER;01;2021;61210005;42,67;0,00;0,00;189056
BRASIL;COND ED CENTRO EMPR INTERN RIO;J639LT1;DATACENTER;02;2021;61210005;36,98;0,00;0,00;189056
BRASIL;COND ED CENTRO EMPR INTERN RIO;J639LT1;DATACENTER;03;2021;61210005;35,98;0,00;0,00;189056
BRASIL;COND ED CENTRO EMPR INTERN RIO;J639LT1;DATACENTER;04;2021;61210005;41,22;0,00;0,00;189056
BRASIL;CONGONHAS;J639LT1;SHELTER;10;2020;61210005;39,44;0,00;31.498,00;187744
BRASIL;CONGONHAS;J639LT1;SHELTER;12;2020;61210005;164,47;0,00;4.256,00;187744
BRASIL;CONGONHAS;J639LT1;SHELTER;01;2021;61210005;42,78;0,00;4.258,00;187744
BRASIL;CONGONHAS;J639LT1;SHELTER;02;2021;61210005;44,50;0,00;4.332,00;187744
BRASIL;CONGONHAS;J639LT1;SHELTER;03;2021;61210005;24,26;0,00;4.094,00;187744
BRASIL;CONGONHAS;J639LT1;SHELTER;04;2021;61210005;139,67;0,00;4.129,00;187744
EQUADOR;Datacenter Carcelen Quito;J637LT6;TELEPORTO;11;2020;65366540;0,00;0,00;13.692,27;188693
EQUADOR;Datacenter Carcelen Quito;J637LT6;TELEPORTO;12;2020;65366540;0,00;0,00;159.400,50;188693
EQUADOR;Datacenter Carcelen Quito;J637LT6;TELEPORTO;01;2021;65366540;0,00;0,00;156.989,40;188693
EQUADOR;Datacenter Carcelen Quito;J637LT6;TELEPORTO;02;2021;65366540;0,00;0,00;144.324,00;188693
EQUADOR;Datacenter Carcelen Quito;J637LT6;TELEPORTO;03;2021;65366540;0,00;0,00;164.153,16;188693
EQUADOR;Datacenter Carcelen Quito;J637LT6;TELEPORTO;04;2021;65366540;0,00;0,00;164.278,56;188693
BRASIL;DIADEMA;J639LT1;NODO;10;2020;61210005;79,05;0,00;544,00;185934
BRASIL;DIADEMA;J639LT1;NODO;11;2020;61210005;106,33;0,00;517,00;185934
BRASIL;DIADEMA;J639LT1;NODO;12;2020;61210005;128,32;0,00;800,00;185934
BRASIL;DIADEMA;J639LT1;NODO;01;2021;61210005;122,61;0,00;756,00;185934
BRASIL;DIADEMA;J639LT1;NODO;02;2021;61210005;110,37;0,00;703,00;185934
BRASIL;DIADEMA;J639LT1;NODO;03;2021;61210005;126,57;0,00;800,00;185934
BRASIL;DIADEMA;J639LT1;NODO;04;2021;61210005;127,48;0,00;816,00;185934
BRASIL;DOIS IRMÃOS;J639LT1;SHELTER;10;2020;61210005;159,47;0,00;6.532,00;189054
BRASIL;DOIS IRMÃOS;J639LT1;SHELTER;11;2020;61210005;69,83;0,00;6.953,00;189054
BRASIL;DOIS IRMÃOS;J639LT1;SHELTER;01;2021;61210005;162,03;0,00;852,00;189054
BRASIL;DOIS IRMÃOS;J639LT1;SHELTER;02;2021;61210005;201,74;0,00;1.162,00;189054
BRASIL;DOIS IRMÃOS;J639LT1;SHELTER;03;2021;61210005;160,30;0,00;866,00;189054
BRASIL;DOIS IRMÃOS;J639LT1;SHELTER;04;2021;61210005;14,66;0,00;93,00;189054
BRASIL;ED ANTONIO HUESPE;J639LT1;DATACENTER;01;2021;61210005;21,40;0,00;0,00;189317
BRASIL;ED ANTONIO HUESPE;J639LT1;DATACENTER;02;2021;61210005;21,40;0,00;0,00;189317
BRASIL;ED ANTONIO HUESPE;J639LT1;DATACENTER;03;2021;61210005;21,40;0,00;0,00;189317
BRASIL;ED ANTONIO HUESPE;J639LT1;DATACENTER;04;2021;61210005;21,40;0,00;0,00;189317
BRASIL;ED EDMA;J639LT1;DATACENTER;01;2021;61210005;21,40;0,00;0,00;187738
BRASIL;ED EDMA;J639LT1;DATACENTER;02;2021;61210005;21,40;0,00;0,00;187738
BRASIL;ED EDMA;J639LT1;DATACENTER;03;2021;61210005;21,40;0,00;0,00;187738
BRASIL;ED EDMA;J639LT1;DATACENTER;04;2021;61210005;21,40;0,00;0,00;187738
BRASIL;EDIFICIO TABAPUA OFFICES 474;J639LT1;DATACENTER;01;2021;61210005;21,53;0,00;0,00;186742
BRASIL;EDIFICIO TABAPUA OFFICES 474;J639LT1;DATACENTER;02;2021;61210005;21,53;0,00;0,00;186742
BRASIL;EDIFICIO TABAPUA OFFICES 474;J639LT1;DATACENTER;03;2021;61210005;21,53;0,00;0,00;186742
BRASIL;EDIFICIO TABAPUA OFFICES 474;J639LT1;DATACENTER;04;2021;61210005;21,53;0,00;0,00;186742
BRASIL;ESCURINHO;J639LT1;SHELTER;10;2020;61210005;192,02;0,00;46.315,00;187783
BRASIL;ESCURINHO;J639LT1;SHELTER;11;2020;61210005;229,33;0,00;47.912,00;187783
BRASIL;ESCURINHO;J639LT1;SHELTER;12;2020;61210005;221,31;0,00;1.454,00;187783
BRASIL;ESCURINHO;J639LT1;SHELTER;01;2021;61210005;252,77;0,00;1.659,00;187783
BRASIL;ESCURINHO;J639LT1;SHELTER;02;2021;61210005;208,65;0,00;1.427,00;187783
BRASIL;ESCURINHO;J639LT1;SHELTER;03;2021;61210005;228,44;0,00;1.514,00;187783
BRASIL;ESCURINHO;J639LT1;SHELTER;04;2021;61210005;230,42;0,00;1.573,00;187783
BRASIL;FILIAL LONDRINA;J639LT1;NODO;10;2020;61210005;22,56;0,00;23.775,00;186585
BRASIL;FILIAL LONDRINA;J639LT1;NODO;11;2020;61210005;22,22;0,00;23.920,00;186585
BRASIL;FILIAL LONDRINA;J639LT1;NODO;12;2020;61210005;20,45;0,00;123.000,00;186585
BRASIL;FILIAL LONDRINA;J639LT1;NODO;01;2021;61210005;22,65;0,00;136,00;186585
BRASIL;FILIAL LONDRINA;J639LT1;NODO;02;2021;61210005;17,45;0,00;107,00;186585
BRASIL;FILIAL LONDRINA;J639LT1;NODO;03;2021;61210005;34,55;0,00;210,00;186585
BRASIL;FILIAL LONDRINA;J639LT1;NODO;04;2021;61210005;35,34;0,00;217,00;186585
BRASIL;FORTALEZA;J639LT1;CABLE STATION;11;2020;61210005;10.886,61;0,00;252.892,00;186209
BRASIL;FORTALEZA;J639LT1;CABLE STATION;12;2020;61210005;10.309,63;0,00;284.014,00;186209
BRASIL;FORTALEZA;J639LT1;CABLE STATION;01;2021;61210005;10.125,64;0,00;307.129,00;186209
BRASIL;FORTALEZA;J639LT1;CABLE STATION;02;2021;61210005;9.688,35;0,00;276.358,00;186209
BRASIL;FORTALEZA;J639LT1;CABLE STATION;03;2021;61210005;10.480,93;0,00;307.450,00;186209
BRASIL;FORTALEZA;J639LT1;CABLE STATION;04;2021;61210005;10.971,64;0,00;296.645,81;186209
ARGENTINA;Gateway Artigas;J638LT6;TELEPORTO;01;2021;65366540;65.945,46;0,00;1.793.400,00;190465
ARGENTINA;Gateway Artigas;J638LT6;TELEPORTO;02;2021;65366540;60.421,25;0,00;1.633.800,00;190465
ARGENTINA;Gateway Artigas;J638LT6;TELEPORTO;03;2021;65366540;90.238,11;0,00;1.786.100,00;190465
COLOMBIA;Gateway Colombia XV;J642LT1;TELEPORTO;01;2021;61210005;195.296,05;0,00;1.293.455,00;191416
COLOMBIA;Gateway Colombia XV;J642LT1;TELEPORTO;02;2021;61210005;178.455,15;0,00;1.182.636,00;191416
ARGENTINA;Gateway Cordoba;J638LT6;TELEPORTO;01;2021;65366540;3.574,72;0,00;73.210,00;191687
ARGENTINA;Gateway Cordoba;J638LT6;TELEPORTO;02;2021;65366540;3.461,27;0,00;65.285,00;191687
ARGENTINA;Gateway Cordoba;J638LT6;TELEPORTO;03;2021;65366540;3.627,49;0,00;71.381,00;191687
BRASIL;GATEWAY COTIA;J639LT6;TELEPORTO;10;2020;65366540;95.083,47;0,00;0,00;186585
BRASIL;GATEWAY COTIA;J639LT6;TELEPORTO;11;2020;65366540;85.279,82;0,00;0,00;186585
BRASIL;GATEWAY COTIA;J639LT6;TELEPORTO;12;2020;65366540;89.659,06;0,00;0,00;186585
BRASIL;GATEWAY COTIA;J639LT6;TELEPORTO;01;2021;65366540;95.857,30;0,00;0,00;186585
BRASIL;GATEWAY COTIA;J639LT6;TELEPORTO;02;2021;65366540;99.071,06;0,00;0,00;186585
BRASIL;GATEWAY COTIA;J639LT6;TELEPORTO;03;2021;65366540;106.836,82;0,00;0,00;186585
BRASIL;GATEWAY COTIA;J639LT6;TELEPORTO;04;2021;65366540;91.095,77;0,00;0,00;186585
MEXICO;Gateway DF;J646LT6;TELEPORTO;01;2021;65366540;21.422,44;0,00;217.500,00;190280
MEXICO;Gateway DF;J646LT6;TELEPORTO;02;2021;65366540;15.063,39;0,00;134.665,00;190280
MEXICO;Gateway DF;J646LT6;TELEPORTO;03;2021;65366540;25.560,37;0,00;237.600,00;190280
MEXICO;Gateway DF;J646LT6;TELEPORTO;04;2021;65366540;23.827,29;0,00;223.200,00;190280
PERU;Gateway Lima;J644LT6;TELEPORTO;12;2020;65366540;106.502,46;0,00;1.098.585,14;187039
PERU;Gateway Lima;J644LT6;TELEPORTO;01;2021;65366540;92.972,80;0,00;1.136.608,30;187039
PERU;Gateway Lima;J644LT6;TELEPORTO;02;2021;65366540;89.993,62;0,00;1.056.282,88;187039
PERU;Gateway Lima;J644LT6;TELEPORTO;03;2021;65366540;97.566,87;0,00;1.196.640,42;187039
PERU;Gateway Lima;J644LT6;TELEPORTO;04;2021;65366540;94.605,50;0,00;1.127.438,91;187039
ARGENTINA;Gateway Mendoza;J638LT6;TELEPORTO;01;2021;65366540;4.430,69;0,00;73.612,00;190501
ARGENTINA;Gateway Mendoza;J638LT6;TELEPORTO;02;2021;65366540;4.851,60;0,00;71.836,00;190501
MEXICO;Gateway Monterrey;J646LT6;TELEPORTO;01;2021;65366540;14.325,14;0,00;147.994,00;190280
MEXICO;Gateway Monterrey;J646LT6;TELEPORTO;02;2021;65366540;15.063,39;0,00;134.665,00;190280
MEXICO;Gateway Monterrey;J646LT6;TELEPORTO;03;2021;65366540;16.289,99;0,00;156.975,00;190280
MEXICO;Gateway Monterrey;J646LT6;TELEPORTO;04;2021;65366540;16.731,03;0,00;161.225,00;190280
ARGENTINA;Gateway Rosario;J638LT6;TELEPORTO;01;2021;65366540;2.663,07;0,00;68.400,00;191727
ARGENTINA;Gateway Rosario;J638LT6;TELEPORTO;02;2021;65366540;2.684,63;0,00;65.880,00;191727
ARGENTINA;Gateway Rosario;J638LT6;TELEPORTO;03;2021;65366540;2.521,77;0,00;57.240,00;191727
COLOMBIA;Gateway Santa Mónica;J642LT6;TELEPORTO;01;2021;65366540;19.761,84;0,00;130.430,00;191416
COLOMBIA;Gateway Santa Mónica;J642LT6;TELEPORTO;02;2021;65366540;18.920,33;0,00;123.572,00;191416
CHILE;Gateway Santiago;J645LT6;TELEPORTO;01;2021;65366540;114.634,72;0,00;1.212.447,00;188248
CHILE;Gateway Santiago;J645LT6;TELEPORTO;02;2021;65366540;101.053,61;0,00;1.118.688,00;188248
CHILE;Gateway Santiago;J645LT6;TELEPORTO;03;2021;65366540;114.144,56;0,00;1.247.888,00;188248
COLOMBIA;Gateway Suba;J642LT6;TELEPORTO;01;2021;65366540;29.978,00;0,00;205.287,00;191416
COLOMBIA;Gateway Suba;J642LT6;TELEPORTO;02;2021;65366540;28.451,98;0,00;187.741,00;191416
COLOMBIA;Gateway Subachoque;J642LT1;TELEPORTO;01;2021;61210005;6.002,55;0,00;34.814,00;191416
COLOMBIA;Gateway Subachoque;J642LT1;TELEPORTO;02;2021;61210005;5.297,77;0,00;30.527,00;191416
BRASIL;GRAJAU;J639LT1;SHELTER;10;2020;61210005;391,77;0,00;2.998,40;185934
BRASIL;GRAJAU;J639LT1;SHELTER;11;2020;61210005;393,63;0,00;3.028,80;185934
BRASIL;GRAJAU;J639LT1;SHELTER;12;2020;61210005;437,17;0,00;3.240,80;185934
BRASIL;GRAJAU;J639LT1;SHELTER;01;2021;61210005;473,64;0,00;3.404,80;185934
BRASIL;GRAJAU;J639LT1;SHELTER;02;2021;61210005;423,49;0,00;3.271,20;185934
BRASIL;GRAJAU;J639LT1;SHELTER;03;2021;61210005;433,03;0,00;3.208,80;185934
BRASIL;GRAJAU;J639LT1;SHELTER;04;2021;61210005;426,17;0,00;3.254,00;185934
BRASIL;HORTOLANDIA;J639LT1;NODO;11;2020;61210005;4,55;0,00;8.019,00;187571
BRASIL;HORTOLANDIA;J639LT1;NODO;12;2020;61210005;24,15;0,00;13,00;187571
BRASIL;HORTOLANDIA;J639LT1;NODO;01;2021;61210005;0,00;0,00;100,00;187571
BRASIL;HORTOLANDIA;J639LT1;NODO;02;2021;61210005;18,87;0,00;74,00;187571
BRASIL;HORTOLANDIA;J639LT1;NODO;03;2021;61210005;21,24;0,00;127,00;187571
BRASIL;HORTOLANDIA;J639LT1;NODO;04;2021;61210005;20,09;0,00;120,00;187571
BRASIL;IFTNET TELECOMUNICACOES LTDA;J639LT1;DATACENTER;01;2021;61210005;474,38;0,00;0,00;186334
BRASIL;IFTNET TELECOMUNICACOES LTDA;J639LT1;DATACENTER;02;2021;61210005;474,38;0,00;0,00;186334
BRASIL;IFTNET TELECOMUNICACOES LTDA;J639LT1;DATACENTER;03;2021;61210005;474,38;0,00;0,00;186334
BRASIL;IFTNET TELECOMUNICACOES LTDA;J639LT1;DATACENTER;04;2021;61210005;474,38;0,00;0,00;186334
BRASIL;ITATIAIUÇU;J639LT1;SHELTER;10;2020;61210005;30,26;0,00;5.479,00;187744
BRASIL;ITATIAIUÇU;J639LT1;SHELTER;01;2021;61210005;32,34;0,00;2.880,00;187744
BRASIL;ITATIAIUÇU;J639LT1;SHELTER;02;2021;61210005;32,61;0,00;2.720,00;187744
BRASIL;ITATIAIUÇU;J639LT1;SHELTER;03;2021;61210005;91,91;0,00;2.840,00;187744
BRASIL;ITATIAIUÇU;J639LT1;SHELTER;04;2021;61210005;79,18;0,00;2.840,00;187744
BRASIL;JABAQUARA;J639LT1;NODO;10;2020;61210005;147,25;0,00;1.779,00;185934
BRASIL;JABAQUARA;J639LT1;NODO;11;2020;61210005;131,67;0,00;980,00;185934
BRASIL;JABAQUARA;J639LT1;NODO;12;2020;61210005;154,03;0,00;1.128,00;185934
BRASIL;JABAQUARA;J639LT1;NODO;01;2021;61210005;146,48;0,00;1.008,00;185934
BRASIL;JABAQUARA;J639LT1;NODO;02;2021;61210005;128,74;0,00;958,00;185934
BRASIL;JABAQUARA;J639LT1;NODO;03;2021;61210005;136,65;0,00;980,00;185934
BRASIL;JABAQUARA;J639LT1;NODO;04;2021;61210005;153,25;0,00;1.118,00;185934
BRASIL;JARDIM EUROPA;J639LT1;NODO;10;2020;61210005;290,78;0,00;2.200,00;185934
BRASIL;JARDIM EUROPA;J639LT1;NODO;11;2020;61210005;418,91;0,00;1.327,00;185934
BRASIL;JARDIM EUROPA;J639LT1;NODO;12;2020;61210005;516,68;0,00;3.280,00;185934
BRASIL;JARDIM EUROPA;J639LT1;NODO;01;2021;61210005;529,22;0,00;3.320,00;185934
BRASIL;JARDIM EUROPA;J639LT1;NODO;03;2021;61210005;437,19;0,00;3.240,00;185934
BRASIL;JARDIM EUROPA;J639LT1;NODO;04;2021;61210005;479,40;0,00;3.600,00;185934
BRASIL;JUIZ DE FORA;J639LT1;SHELTER;10;2020;61210005;49,03;0,00;2.992,00;187744
BRASIL;JUIZ DE FORA;J639LT1;SHELTER;12;2020;61210005;46,06;0,00;5.400,00;187744
BRASIL;JUIZ DE FORA;J639LT1;SHELTER;01;2021;61210005;1.185,55;0,00;6.614,00;187744
BRASIL;JUIZ DE FORA;J639LT1;SHELTER;02;2021;61210005;131,17;0,00;6.000,00;187744
BRASIL;JUIZ DE FORA;J639LT1;SHELTER;03;2021;61210005;133,74;0,00;6.040,00;187744
BRASIL;JUIZ DE FORA;J639LT1;SHELTER;04;2021;61210005;1.512,76;0,00;15.160,00;187744
BRASIL;JUNDIAI;J639LT1;NODO;10;2020;61210005;823,33;0,00;86.129,00;187623
BRASIL;JUNDIAI;J639LT1;NODO;11;2020;61210005;989,62;0,00;93.833,00;187623
BRASIL;JUNDIAI;J639LT1;NODO;12;2020;61210005;822,30;0,00;5.929,00;187623
BRASIL;JUNDIAI;J639LT1;NODO;01;2021;61210005;1.047,51;0,00;7.014,00;187623
BRASIL;JUNDIAI;J639LT1;NODO;02;2021;61210005;936,17;0,00;6.716,00;187623
BRASIL;JUNDIAI;J639LT1;NODO;03;2021;61210005;973,03;0,00;6.923,00;187623
BRASIL;JUNDIAI;J639LT1;NODO;04;2021;61210005;892,53;0,00;6.384,00;187623
BRASIL;JUQUIA;J639LT1;SHELTER;10;2020;61210005;779,67;0,00;5.498,00;187647
BRASIL;JUQUIA;J639LT1;SHELTER;11;2020;61210005;1.064,33;0,00;5.772,00;187647
BRASIL;JUQUIA;J639LT1;SHELTER;12;2020;61210005;1.046,88;0,00;5.260,00;187647
BRASIL;JUQUIA;J639LT1;SHELTER;01;2021;61210005;885,41;0,00;4.060,00;187647
BRASIL;JUQUIA;J639LT1;SHELTER;02;2021;61210005;822,68;0,00;5.400,00;187647
BRASIL;JUQUIA;J639LT1;SHELTER;03;2021;61210005;825,00;0,00;5.380,00;187647
BRASIL;JUQUIA;J639LT1;SHELTER;04;2021;61210005;881,55;0,00;5.780,00;187647
BRASIL;JUQUITIBA;J639LT1;SHELTER;10;2020;61210005;430,24;0,00;11.275,00;185934
BRASIL;JUQUITIBA;J639LT1;SHELTER;11;2020;61210005;389,51;0,00;11.350,00;185934
BRASIL;JUQUITIBA;J639LT1;SHELTER;12;2020;61210005;525,48;0,00;3.920,00;185934
BRASIL;JUQUITIBA;J639LT1;SHELTER;01;2021;61210005;503,46;0,00;3.600,00;185934
BRASIL;JUQUITIBA;J639LT1;SHELTER;02;2021;61210005;455,22;0,00;3.440,00;185934
BRASIL;JUQUITIBA;J639LT1;SHELTER;03;2021;61210005;421,90;0,00;3.120,00;185934
BRASIL;JUQUITIBA;J639LT1;SHELTER;04;2021;61210005;532,72;0,00;4.000,00;185934
BRASIL;LAGES;J639LT1;SHELTER;10;2020;61210005;413,65;0,00;54.880,00;187783
BRASIL;LAGES;J639LT1;SHELTER;11;2020;61210005;465,86;0,00;58.186,00;187783
BRASIL;LAGES;J639LT1;SHELTER;12;2020;61210005;518,83;0,00;3.547,00;187783
BRASIL;LAGES;J639LT1;SHELTER;01;2021;61210005;517,73;0,00;3.490,00;187783
BRASIL;LAGES;J639LT1;SHELTER;02;2021;61210005;475,68;0,00;3.330,00;187783
BRASIL;LAGES;J639LT1;SHELTER;03;2021;61210005;560,09;0,00;3.783,00;187783
BRASIL;LAGES;J639LT1;SHELTER;04;2021;61210005;539,66;0,00;3.640,00;187783
BRASIL;LEOPOLDINA;J639LT1;NODO;10;2020;61210005;345,72;0,00;71.419,00;185934
BRASIL;LEOPOLDINA;J639LT1;NODO;11;2020;61210005;368,30;0,00;74.250,00;185934
BRASIL;LEOPOLDINA;J639LT1;NODO;12;2020;61210005;377,95;0,00;2.806,00;185934
BRASIL;LEOPOLDINA;J639LT1;NODO;01;2021;61210005;388,45;0,00;2.772,00;185934
BRASIL;LEOPOLDINA;J639LT1;NODO;03;2021;61210005;417,88;0,00;3.095,00;185934
BRASIL;LEOPOLDINA;J639LT1;NODO;04;2021;61210005;424,14;0,00;3.180,00;185934
BRASIL;LOURDES;J639LT1;NODO;10;2020;61210005;4.255,55;0,00;13.978,00;187744
BRASIL;LOURDES;J639LT1;NODO;12;2020;61210005;80,33;0,00;2.160,00;187744
BRASIL;LOURDES;J639LT1;NODO;01;2021;61210005;5.227,26;0,00;29.360,00;187744
BRASIL;LOURDES;J639LT1;NODO;02;2021;61210005;4.464,40;0,00;2.600,00;187744
BRASIL;LOURDES;J639LT1;NODO;03;2021;61210005;3.976,93;0,00;29.920,00;187744
BRASIL;LOURDES;J639LT1;NODO;04;2021;61210005;5.266,35;0,00;31.600,00;187744
BRASIL;MANHATTAN;J639LT1;NODO;10;2020;61210005;94,21;0,00;1.994,00;187744
BRASIL;MANHATTAN;J639LT1;NODO;11;2020;61210005;79,47;0,00;2.555,00;187744
BRASIL;MANHATTAN;J639LT1;NODO;12;2020;61210005;78,98;0,00;532,00;187744
BRASIL;MANHATTAN;J639LT1;NODO;01;2021;61210005;96,58;0,00;658,00;187744
BRASIL;MANHATTAN;J639LT1;NODO;02;2021;61210005;75,97;0,00;532,00;187744
BRASIL;MANHATTAN;J639LT1;NODO;03;2021;61210005;74,74;0,00;515,00;187744
BRASIL;MANHATTAN;J639LT1;NODO;04;2021;61210005;94,78;0,00;679,00;187744
BRASIL;MOURISCO;J639LT1;NODO;10;2020;61210005;19,20;0,00;13.569,00;186586
BRASIL;MOURISCO;J639LT1;NODO;11;2020;61210005;22,65;0,00;13.702,00;186586
BRASIL;MOURISCO;J639LT1;NODO;01;2021;61210005;19,81;0,00;115,00;186586
BRASIL;MOURISCO;J639LT1;NODO;02;2021;61210005;19,76;0,00;117,00;186586
BRASIL;MOURISCO;J639LT1;NODO;03;2021;61210005;23,13;0,00;132,00;186586
BRASIL;MOURISCO;J639LT1;NODO;04;2021;61210005;22,63;0,00;123,00;186586
BRASIL;NEPOMUCENO;J639LT1;SHELTER;10;2020;61210005;43,36;0,00;9.981,00;187744
BRASIL;NEPOMUCENO;J639LT1;SHELTER;12;2020;61210005;212,43;0,00;5.560,00;187744
BRASIL;NEPOMUCENO;J639LT1;SHELTER;01;2021;61210005;46,99;0,00;5.560,00;187744
BRASIL;NEPOMUCENO;J639LT1;SHELTER;02;2021;61210005;50,45;0,00;5.880,00;187744
BRASIL;NEPOMUCENO;J639LT1;SHELTER;03;2021;61210005;43,94;0,00;5.160,00;187744
BRASIL;NEPOMUCENO;J639LT1;SHELTER;04;2021;61210005;42,13;0,00;5.120,00;187744
BRASIL;NEW BARRA;J639LT1;NODO;10;2020;61210005;390,30;0,00;51.439,00;186586
BRASIL;NEW BARRA;J639LT1;NODO;11;2020;61210005;448,89;0,00;53.722,00;186586
BRASIL;NEW BARRA;J639LT1;NODO;01;2021;61210005;466,27;0,00;2.248,00;186586
BRASIL;NEW BARRA;J639LT1;NODO;02;2021;61210005;395,10;0,00;1.946,00;186586
BRASIL;NEW BARRA;J639LT1;NODO;03;2021;61210005;465,92;0,00;2.271,00;186586
BRASIL;NEW BARRA;J639LT1;NODO;04;2021;61210005;368,78;0,00;1.712,00;186586
BRASIL;NODO CURITIBA;J639LT1;NODO;10;2020;61210005;522,82;0,00;13.578,00;186585
BRASIL;NODO CURITIBA;J639LT1;NODO;11;2020;61210005;492,29;0,00;16.885,00;186585
BRASIL;NODO CURITIBA;J639LT1;NODO;12;2020;61210005;573,60;0,00;3.591,00;186585
BRASIL;NODO CURITIBA;J639LT1;NODO;01;2021;61210005;576,71;0,00;3.603,00;186585
BRASIL;NODO CURITIBA;J639LT1;NODO;02;2021;61210005;1.273,00;0,00;8.442,00;186585
BRASIL;NODO CURITIBA;J639LT1;NODO;03;2021;61210005;572,22;0,00;3.737,00;186585
BRASIL;NODO CURITIBA;J639LT1;NODO;04;2021;61210005;510,81;0,00;3.348,00;186585
BRASIL;NODO LONDRINA;J639LT1;NODO;10;2020;61210005;1.130,36;0,00;70.069,00;186585
BRASIL;NODO LONDRINA;J639LT1;NODO;11;2020;61210005;1.119,09;0,00;77.717,00;186585
BRASIL;NODO LONDRINA;J639LT1;NODO;12;2020;61210005;1.151,50;0,00;7.133,00;186585
BRASIL;NODO LONDRINA;J639LT1;NODO;01;2021;61210005;1.169,45;0,00;7.464,00;186585
BRASIL;NODO LONDRINA;J639LT1;NODO;02;2021;61210005;1.111,81;0,00;7.317,00;186585
BRASIL;NODO LONDRINA;J639LT1;NODO;03;2021;61210005;1.062,01;0,00;7.000,00;186585
BRASIL;NODO LONDRINA;J639LT1;NODO;04;2021;61210005;1.041,84;0,00;6.929,00;186585
CHILE;Nuevo DC TLP Santiago;J645LT6;TELEPORTO;12;2020;65366540;61.945,30;0,00;559.866,00;188248
CHILE;Nuevo DC TLP Santiago;J645LT6;TELEPORTO;01;2021;65366540;50.682,66;0,00;535.997,00;188248
CHILE;Nuevo DC TLP Santiago;J645LT6;TELEPORTO;02;2021;65366540;42.363,22;0,00;496.043,00;188248
CHILE;Nuevo DC TLP Santiago;J645LT6;TELEPORTO;03;2021;65366540;51.141,10;0,00;547.666,00;188248
BRASIL;OLIVEIRA;J639LT1;SHELTER;10;2020;61210005;0,00;0,00;659,00;187744
BRASIL;OLIVEIRA;J639LT1;SHELTER;12;2020;61210005;40,52;0,00;4.400,00;187744
BRASIL;OLIVEIRA;J639LT1;SHELTER;01;2021;61210005;40,63;0,00;4.405,00;187744
BRASIL;OLIVEIRA;J639LT1;SHELTER;02;2021;61210005;229,29;0,00;5.920,00;187744
BRASIL;OLIVEIRA;J639LT1;SHELTER;03;2021;61210005;135,26;0,00;4.520,00;187744
BRASIL;OLIVEIRA;J639LT1;SHELTER;04;2021;61210005;39,15;0,00;4.520,00;187744
BRASIL;"OSASCO TRADE & CONVENTION CENTER";J639LT1;DATACENTER;01;2021;61210005;220,40;0,00;0,00;185950
BRASIL;"OSASCO TRADE & CONVENTION CENTER";J639LT1;DATACENTER;02;2021;61210005;301,65;0,00;0,00;185950
BRASIL;"OSASCO TRADE & CONVENTION CENTER";J639LT1;DATACENTER;03;2021;61210005;131,50;0,00;0,00;185950
BRASIL;"OSASCO TRADE & CONVENTION CENTER";J639LT1;DATACENTER;04;2021;61210005;246,84;0,00;0,00;185950
BRASIL;PAPANDUVA - CAP. SOTTER;J639LT1;SHELTER;10;2020;61210005;279,87;0,00;55.943,00;187783
BRASIL;PAPANDUVA - CAP. SOTTER;J639LT1;SHELTER;11;2020;61210005;273,59;0,00;57.640,00;187783
BRASIL;PAPANDUVA - CAP. SOTTER;J639LT1;SHELTER;12;2020;61210005;281,23;0,00;1.801,00;187783
BRASIL;PAPANDUVA - CAP. SOTTER;J639LT1;SHELTER;01;2021;61210005;308,22;0,00;1.841,00;187783
BRASIL;PAPANDUVA - CAP. SOTTER;J639LT1;SHELTER;02;2021;61210005;271,17;0,00;1.656,00;187783
BRASIL;PAPANDUVA - CAP. SOTTER;J639LT1;SHELTER;03;2021;61210005;301,81;0,00;1.810,00;187783
BRASIL;PAPANDUVA - CAP. SOTTER;J639LT1;SHELTER;04;2021;61210005;317,49;0,00;1.917,00;187783
BRASIL;PAULISTA I;J639LT1;NODO;10;2020;61210005;3.861,96;0,00;29.768,30;185934
BRASIL;PAULISTA I;J639LT1;NODO;11;2020;61210005;4.248,86;0,00;33.136,00;185934
BRASIL;PAULISTA I;J639LT1;NODO;12;2020;61210005;3.808,70;0,00;29.411,20;185934
BRASIL;PAULISTA I;J639LT1;NODO;01;2021;61210005;4.443,16;0,00;31.675,20;185934
BRASIL;PAULISTA I;J639LT1;NODO;02;2021;61210005;3.685,92;0,00;28.210,40;185934
BRASIL;PAULISTA I;J639LT1;NODO;03;2021;61210005;3.834,75;0,00;28.756,00;185934
BRASIL;PAULISTA I;J639LT1;NODO;04;2021;61210005;3.880,18;0,00;29.448,80;185934
BRASIL;PAULISTA II;J639LT1;NODO;10;2020;61210005;720,62;0,00;1.985,00;185934
BRASIL;PAULISTA II;J639LT1;NODO;11;2020;61210005;697,87;0,00;2.106,00;185934
BRASIL;PAULISTA II;J639LT1;NODO;12;2020;61210005;853,17;0,00;5.480,00;185934
BRASIL;PAULISTA II;J639LT1;NODO;01;2021;61210005;783,82;0,00;5.400,00;185934
BRASIL;PAULISTA II;J639LT1;NODO;02;2021;61210005;705,00;0,00;5.360,00;185934
BRASIL;PAULISTA II;J639LT1;NODO;03;2021;61210005;762,09;0,00;5.680,00;185934
BRASIL;PAULISTA II;J639LT1;NODO;04;2021;61210005;700,43;0,00;5.280,00;185934
BRASIL;PEDRO BARROS;J639LT1;SHELTER;10;2020;61210005;866,53;0,00;17.623,00;187647
BRASIL;PEDRO BARROS;J639LT1;SHELTER;11;2020;61210005;793,17;0,00;17.898,00;187647
BRASIL;PEDRO BARROS;J639LT1;SHELTER;12;2020;61210005;825,57;0,00;5.420,00;187647
BRASIL;PEDRO BARROS;J639LT1;SHELTER;01;2021;61210005;929,92;0,00;6.280,00;187647
BRASIL;PEDRO BARROS;J639LT1;SHELTER;02;2021;61210005;725,84;0,00;5.640,00;187647
BRASIL;PEDRO BARROS;J639LT1;SHELTER;03;2021;61210005;860,19;0,00;5.900,00;187647
BRASIL;PEDRO BARROS;J639LT1;SHELTER;04;2021;61210005;887,90;0,00;6.100,00;187647
BRASIL;PLANO ALTO;J639LT1;SHELTER;10;2020;61210005;512,93;0,00;32.560,00;189054
BRASIL;PLANO ALTO;J639LT1;SHELTER;11;2020;61210005;493,61;0,00;35.336,00;189054
BRASIL;PLANO ALTO;J639LT1;SHELTER;01;2021;61210005;549,24;0,00;3.020,00;189054
BRASIL;PLANO ALTO;J639LT1;SHELTER;02;2021;61210005;470,91;0,00;2.605,00;189054
BRASIL;PLANO ALTO;J639LT1;SHELTER;03;2021;61210005;532,21;0,00;2.927,00;189054
BRASIL;PLANO ALTO;J639LT1;SHELTER;04;2021;61210005;478,21;0,00;2.636,00;189054
BRASIL;POSTO CAMINHONEIRO;J639LT1;SHELTER;10;2020;61210005;715,99;0,00;999,00;187647
BRASIL;POSTO CAMINHONEIRO;J639LT1;SHELTER;11;2020;61210005;705,06;0,00;1.100,00;187647
BRASIL;POSTO CAMINHONEIRO;J639LT1;SHELTER;12;2020;61210005;672,93;0,00;4.510,00;187647
BRASIL;POSTO CAMINHONEIRO;J639LT1;SHELTER;01;2021;61210005;628,91;0,00;4.240,00;187647
BRASIL;POSTO CAMINHONEIRO;J639LT1;SHELTER;02;2021;61210005;561,86;0,00;3.920,00;187647
BRASIL;POSTO CAMINHONEIRO;J639LT1;SHELTER;03;2021;61210005;752,99;0,00;5.207,00;187647
BRASIL;POSTO CAMINHONEIRO;J639LT1;SHELTER;04;2021;61210005;536,81;0,00;3.720,00;187647
BRASIL;POUSO ALEGRE;J639LT1;NODO;10;2020;61210005;379,99;0,00;80.621,00;187744
BRASIL;POUSO ALEGRE;J639LT1;NODO;12;2020;61210005;991,86;0,00;7.338,00;187744
BRASIL;POUSO ALEGRE;J639LT1;NODO;01;2021;61210005;845,48;0,00;4.927,00;187744
BRASIL;POUSO ALEGRE;J639LT1;NODO;02;2021;61210005;830,32;0,00;6.673,00;187744
BRASIL;POUSO ALEGRE;J639LT1;NODO;03;2021;61210005;845,38;0,00;6.621,00;187744
BRASIL;POUSO ALEGRE;J639LT1;NODO;04;2021;61210005;921,65;0,00;7.298,00;187744
BRASIL;PROTÁSIO ALVES;J639LT1;SHELTER;10;2020;61210005;245,14;0,00;49.551,00;189054
BRASIL;PROTÁSIO ALVES;J639LT1;SHELTER;11;2020;61210005;308,23;0,00;0,00;189054
BRASIL;PROTÁSIO ALVES;J639LT1;SHELTER;01;2021;61210005;336,86;0,00;1.840,00;189054
BRASIL;PROTÁSIO ALVES;J639LT1;SHELTER;02;2021;61210005;304,91;0,00;1.722,00;189054
BRASIL;PROTÁSIO ALVES;J639LT1;SHELTER;04;2021;61210005;320,49;0,00;1.803,00;189054
BRASIL;QUATRO BARRAS;J639LT1;SHELTER;10;2020;61210005;460,87;0,00;8.981,00;186585
BRASIL;QUATRO BARRAS;J639LT1;SHELTER;11;2020;61210005;447,94;0,00;12.014,00;186585
BRASIL;QUATRO BARRAS;J639LT1;SHELTER;12;2020;61210005;431,15;0,00;2.879,00;186585
BRASIL;QUATRO BARRAS;J639LT1;SHELTER;01;2021;61210005;508,18;0,00;3.061,00;186585
BRASIL;QUATRO BARRAS;J639LT1;SHELTER;02;2021;61210005;483,23;0,00;3.139,00;186585
BRASIL;QUATRO BARRAS;J639LT1;SHELTER;03;2021;61210005;421,80;0,00;2.747,00;186585
BRASIL;QUATRO BARRAS;J639LT1;SHELTER;04;2021;61210005;474,62;0,00;3.106,00;186585
BRASIL;RESTINGA SECA;J639LT1;SHELTER;10;2020;61210005;339,45;0,00;65.452,00;185872
BRASIL;RESTINGA SECA;J639LT1;SHELTER;11;2020;61210005;318,10;0,00;67.252,00;185872
BRASIL;RESTINGA SECA;J639LT1;SHELTER;01;2021;61210005;426,39;0,00;2.357,00;185872
BRASIL;RESTINGA SECA;J639LT1;SHELTER;02;2021;61210005;388,84;0,00;2.164,00;185872
BRASIL;RESTINGA SECA;J639LT1;SHELTER;03;2021;61210005;362,43;0,00;1.997,00;185872
BRASIL;RESTINGA SECA;J639LT1;SHELTER;04;2021;61210005;313,57;0,00;1.820,00;185872
BRASIL;RIO CENTRO;J639LT1;NODO;10;2020;61210005;2.212,82;0,00;6.434,00;186586
BRASIL;RIO CENTRO;J639LT1;NODO;11;2020;61210005;1.982,69;0,00;6.557,00;186586
BRASIL;RIO CENTRO;J639LT1;NODO;01;2021;61210005;2.658,57;0,00;12.400,00;186586
BRASIL;RIO CENTRO;J639LT1;NODO;02;2021;61210005;2.189,88;0,00;10.320,00;186586
BRASIL;RIO CENTRO;J639LT1;NODO;03;2021;61210005;2.371,61;0,00;11.040,00;186586
BRASIL;RIO CENTRO;J639LT1;NODO;04;2021;61210005;2.480,09;0,00;11.120,00;186586
BRASIL;RIO NEGRO;J639LT1;SHELTER;10;2020;61210005;377,19;0,00;50.551,00;187783
BRASIL;RIO NEGRO;J639LT1;SHELTER;11;2020;61210005;428,17;0,00;53.392,00;187783
BRASIL;RIO NEGRO;J639LT1;SHELTER;12;2020;61210005;443,06;0,00;2.808,00;187783
BRASIL;RIO NEGRO;J639LT1;SHELTER;01;2021;61210005;450,65;0,00;2.854,00;187783
BRASIL;RIO NEGRO;J639LT1;SHELTER;02;2021;61210005;403,78;0,00;2.639,00;187783
BRASIL;RIO NEGRO;J639LT1;SHELTER;03;2021;61210005;475,40;0,00;3.007,00;187783
BRASIL;RIO NEGRO;J639LT1;SHELTER;04;2021;61210005;449,79;0,00;2.839,00;187783
BRASIL;SAAN;J639LT1;NODO;10;2020;61210005;1.480,20;0,00;12.208,00;187744
BRASIL;SAAN;J639LT1;NODO;11;2020;61210005;1.493,70;0,00;12.208,00;187744
BRASIL;SAAN;J639LT1;NODO;12;2020;61210005;3.335,18;0,00;23.304,00;187744
BRASIL;SAAN;J639LT1;NODO;01;2021;61210005;4.462,81;0,00;2.534,00;187744
BRASIL;SAAN;J639LT1;NODO;02;2021;61210005;2.200,24;0,00;18.553,00;187744
BRASIL;SAAN;J639LT1;NODO;03;2021;61210005;2.229,70;0,00;18.553,00;187744
BRASIL;SAAN;J639LT1;NODO;04;2021;61210005;2.214,86;0,00;18.473,00;187744
BRASIL;SANTA BARBARA;J639LT1;SHELTER;10;2020;61210005;25,18;0,00;14.099,00;187744
BRASIL;SANTA BARBARA;J639LT1;SHELTER;12;2020;61210005;27,57;0,00;1.960,00;187744
BRASIL;SANTA BARBARA;J639LT1;SHELTER;01;2021;61210005;27,67;0,00;1.960,00;187744
BRASIL;SANTA BARBARA;J639LT1;SHELTER;02;2021;61210005;31,02;0,00;2.240,00;187744
BRASIL;SANTA BARBARA;J639LT1;SHELTER;03;2021;61210005;63,01;0,00;1.960,00;187744
BRASIL;SANTA BARBARA;J639LT1;SHELTER;04;2021;61210005;26,40;0,00;1.960,00;187744
BRASIL;SANTA CECILIA;J639LT1;SHELTER;10;2020;61210005;228,91;0,00;49.768,00;187783
BRASIL;SANTA CECILIA;J639LT1;SHELTER;11;2020;61210005;251,76;0,00;51.348,00;187783
BRASIL;SANTA CECILIA;J639LT1;SHELTER;12;2020;61210005;283,36;0,00;51.348,00;187783
BRASIL;SANTA CECILIA;J639LT1;SHELTER;01;2021;61210005;271,59;0,00;1.677,00;187783
BRASIL;SANTA CECILIA;J639LT1;SHELTER;02;2021;61210005;271,96;0,00;1.695,00;187783
BRASIL;SANTA CECILIA;J639LT1;SHELTER;03;2021;61210005;0,00;0,00;100,00;187783
BRASIL;SANTA CECILIA;J639LT1;SHELTER;04;2021;61210005;311,55;0,00;2.054,00;187783
BRASIL;SANTA MARIA;J639LT1;NODO;10;2020;61210005;412,01;0,00;58.579,00;189054
BRASIL;SANTA MARIA;J639LT1;NODO;01;2021;61210005;514,77;0,00;2.608,63;189054
BRASIL;SANTA MARIA;J639LT1;NODO;02;2021;61210005;458,39;0,00;2.289,00;189054
BRASIL;SANTA MARIA;J639LT1;NODO;03;2021;61210005;519,77;0,00;2.585,00;189054
BRASIL;SANTA MARIA;J639LT1;NODO;04;2021;61210005;445,36;0,00;2.196,00;189054
BRASIL;SANTO AMARO;J639LT1;NODO;10;2020;61210005;1.062,11;0,00;1.983,00;185934
BRASIL;SANTO AMARO;J639LT1;NODO;11;2020;61210005;1.127,33;0,00;2.193,00;185934
BRASIL;SANTO AMARO;J639LT1;NODO;12;2020;61210005;1.087,35;0,00;8.000,00;185934
BRASIL;SANTO AMARO;J639LT1;NODO;01;2021;61210005;1.320,15;0,00;9.080,00;185934
BRASIL;SANTO AMARO;J639LT1;NODO;02;2021;61210005;1.098,57;0,00;8.040,00;185934
BRASIL;SANTO AMARO;J639LT1;NODO;03;2021;61210005;1.127,57;0,00;8.080,00;185934
BRASIL;SANTO AMARO;J639LT1;NODO;04;2021;61210005;1.308,89;0,00;9.600,00;185934
BRASIL;SANTO ANDRÉ;J639LT1;NODO;10;2020;61210005;285,97;0,00;60.376,00;185934
BRASIL;SANTO ANDRÉ;J639LT1;NODO;11;2020;61210005;346,23;0,00;62.725,00;185934
BRASIL;SANTO ANDRÉ;J639LT1;NODO;12;2020;61210005;326,24;0,00;2.159,00;185934
BRASIL;SANTO ANDRÉ;J639LT1;NODO;01;2021;61210005;228,91;0,00;1.481,00;185934
BRASIL;SANTO ANDRÉ;J639LT1;NODO;02;2021;61210005;213,24;0,00;1.542,00;185934
BRASIL;SANTO ANDRÉ;J639LT1;NODO;03;2021;61210005;226,20;0,00;1.605,00;185934
BRASIL;SANTO ANDRÉ;J639LT1;NODO;04;2021;61210005;65,39;0,00;400,00;185934
BRASIL;SAO BERNARDO;J639LT1;NODO;10;2020;61210005;1.766,49;0,00;12.391,00;185934
BRASIL;SAO BERNARDO;J639LT1;NODO;11;2020;61210005;1.751,06;0,00;12.439,12;185934
BRASIL;SAO BERNARDO;J639LT1;NODO;12;2020;61210005;15,90;0,00;100,00;185934
BRASIL;SAO BERNARDO;J639LT1;NODO;01;2021;61210005;17,03;0,00;100,00;185934
BRASIL;SAO BERNARDO;J639LT1;NODO;02;2021;61210005;1.357,27;0,00;10.364,70;185934
BRASIL;SAO BERNARDO;J639LT1;NODO;03;2021;61210005;859,22;0,00;10.111,27;185934
BRASIL;SAO BERNARDO;J639LT1;NODO;04;2021;61210005;1.320,99;0,00;10.001,14;185934
BRASIL;SAO FELIPE;J639LT1;SHELTER;10;2020;61210005;158,02;0,00;51.632,00;187783
BRASIL;SAO FELIPE;J639LT1;SHELTER;11;2020;61210005;205,54;0,00;53.051,00;187783
BRASIL;SAO FELIPE;J639LT1;SHELTER;12;2020;61210005;262,59;0,00;1.585,00;187783
BRASIL;SAO FELIPE;J639LT1;SHELTER;01;2021;61210005;221,51;0,00;1.517,00;187783
BRASIL;SAO FELIPE;J639LT1;SHELTER;02;2021;61210005;193,15;0,00;1.405,00;187783
BRASIL;SAO FELIPE;J639LT1;SHELTER;03;2021;61210005;196,37;0,00;1.557,00;187783
BRASIL;SAO FELIPE;J639LT1;SHELTER;04;2021;61210005;218,60;0,00;1.440,00;187783
BRASIL;SÃO GABRIEL;J639LT1;SHELTER;10;2020;61210005;2.232,53;0,00;38.204,00;187571
BRASIL;SÃO GABRIEL;J639LT1;SHELTER;11;2020;61210005;2.304,95;0,00;55.182,00;187571
BRASIL;SÃO GABRIEL;J639LT1;SHELTER;12;2020;61210005;2.428,79;0,00;16.544,00;187571
BRASIL;SÃO GABRIEL;J639LT1;SHELTER;01;2021;61210005;2.517,15;0,00;17.673,00;187571
BRASIL;SÃO GABRIEL;J639LT1;SHELTER;02;2021;61210005;2.325,91;0,00;16.832,00;187571
BRASIL;SÃO GABRIEL;J639LT1;SHELTER;03;2021;61210005;2.601,33;0,00;18.952,00;187571
BRASIL;SÃO GABRIEL;J639LT1;SHELTER;04;2021;61210005;2.510,60;0,00;18.011,00;187571
BRASIL;SÃO JOSE DOS PINHAIS;J639LT1;SHELTER;10;2020;61210005;258,35;0,00;97.540,00;186585
BRASIL;SÃO JOSE DOS PINHAIS;J639LT1;SHELTER;11;2020;61210005;304,10;0,00;99.541,00;186585
BRASIL;SÃO JOSE DOS PINHAIS;J639LT1;SHELTER;12;2020;61210005;386,37;0,00;2.371,00;186585
BRASIL;SÃO JOSE DOS PINHAIS;J639LT1;SHELTER;01;2021;61210005;435,73;0,00;2.703,00;186585
BRASIL;SÃO JOSE DOS PINHAIS;J639LT1;SHELTER;02;2021;61210005;361,01;0,00;6.921,00;186585
BRASIL;SÃO JOSE DOS PINHAIS;J639LT1;SHELTER;03;2021;61210005;341,80;0,00;2.184,00;186585
BRASIL;SÃO JOSE DOS PINHAIS;J639LT1;SHELTER;04;2021;61210005;291,32;0,00;1.859,00;186585
BRASIL;SARACANTA CONSTR E ADM;J639LT1;DATACENTER;01;2021;61210005;14,64;0,00;0,00;187663
BRASIL;SARACANTA CONSTR E ADM;J639LT1;DATACENTER;02;2021;61210005;14,64;0,00;0,00;187663
BRASIL;SARACANTA CONSTR E ADM;J639LT1;DATACENTER;03;2021;61210005;14,64;0,00;0,00;187663
BRASIL;SARACANTA CONSTR E ADM;J639LT1;DATACENTER;04;2021;61210005;14,64;0,00;0,00;187663
BRASIL;SEDE DAS EMPRESAS;J639LT1;NODO;10;2020;61210005;11,41;0,00;31.338,00;186586
BRASIL;SEDE DAS EMPRESAS;J639LT1;NODO;11;2020;61210005;9,91;0,00;31.399,00;186586
BRASIL;SEDE DAS EMPRESAS;J639LT1;NODO;01;2021;61210005;9,82;0,00;57,00;186586
BRASIL;SEDE DAS EMPRESAS;J639LT1;NODO;02;2021;61210005;8,84;0,00;53,00;186586
BRASIL;SEDE DAS EMPRESAS;J639LT1;NODO;03;2021;61210005;9,41;0,00;56,00;186586
BRASIL;SEDE DAS EMPRESAS;J639LT1;NODO;04;2021;61210005;8,98;0,00;51,00;186586
BRASIL;SEROPÉDICA;J639LT1;SHELTER;10;2020;61210005;792,54;0,00;86.015,00;186586
BRASIL;SEROPÉDICA;J639LT1;SHELTER;11;2020;61210005;755,91;0,00;89.924,00;186586
BRASIL;SEROPÉDICA;J639LT1;SHELTER;01;2021;61210005;971,27;0,00;4.702,00;186586
BRASIL;SEROPÉDICA;J639LT1;SHELTER;02;2021;61210005;929,14;0,00;4.680,00;186586
BRASIL;SEROPÉDICA;J639LT1;SHELTER;03;2021;61210005;1.000,47;0,00;5.020,00;186586
BRASIL;SEROPÉDICA;J639LT1;SHELTER;04;2021;61210005;932,72;0,00;4.440,00;186586
BRASIL;SOROCABA;J639LT1;NODO;10;2020;61210005;1.142,01;0,00;18.833,00;187623
BRASIL;SOROCABA;J639LT1;NODO;11;2020;61210005;1.258,43;0,00;19.085,00;187623
BRASIL;SOROCABA;J639LT1;NODO;12;2020;61210005;1.271,29;0,00;9.520,00;187623
BRASIL;SOROCABA;J639LT1;NODO;01;2021;61210005;1.380,31;0,00;9.520,00;187623
BRASIL;SOROCABA;J639LT1;NODO;02;2021;61210005;1.208,22;0,00;8.960,00;187623
BRASIL;SOROCABA;J639LT1;NODO;03;2021;61210005;1.312,37;0,00;9.640,00;187623
BRASIL;SOROCABA;J639LT1;NODO;04;2021;61210005;1.171,99;0,00;8.680,00;187623
BRASIL;TELEPORTO CURITIBA;J639LT6;TELEPORTO;10;2020;65366540;35.550,30;0,00;293.760,00;186585
BRASIL;TELEPORTO CURITIBA;J639LT6;TELEPORTO;11;2020;65366540;36.831,20;0,00;304.441,00;186585
BRASIL;TELEPORTO CURITIBA;J639LT6;TELEPORTO;12;2020;65366540;36.269,00;0,00;295.159,00;186585
BRASIL;TELEPORTO CURITIBA;J639LT6;TELEPORTO;01;2021;65366540;42.595,53;0,00;306.563,00;186585
BRASIL;TELEPORTO CURITIBA;J639LT6;TELEPORTO;02;2021;65366540;38.587,21;0,00;308.997,00;186585
BRASIL;TELEPORTO CURITIBA;J639LT6;TELEPORTO;03;2021;65366540;36.668,48;0,00;284.355,00;186585
BRASIL;TELEPORTO CURITIBA;J639LT6;TELEPORTO;04;2021;65366540;40.895,90;0,00;328.651,00;186585
BRASIL;TELEPORTO RIO DE JANEIRO;J639LT6;TELEPORTO;10;2020;65366540;73.286,92;0,00;1.525,91;189660
BRASIL;TELEPORTO RIO DE JANEIRO;J639LT6;TELEPORTO;11;2020;65366540;70.695,83;0,00;1.471,96;189660
BRASIL;TELEPORTO RIO DE JANEIRO;J639LT6;TELEPORTO;12;2020;65366540;72.941,74;0,00;1.518.719,00;189660
BRASIL;TELEPORTO RIO DE JANEIRO;J639LT6;TELEPORTO;01;2021;65366540;84.607,17;0,00;0,00;186585
BRASIL;TELEPORTO RIO DE JANEIRO;J639LT6;TELEPORTO;02;2021;65366540;78.371,67;0,00;0,00;186585
BRASIL;TELEPORTO RIO DE JANEIRO;J639LT6;TELEPORTO;03;2021;65366540;87.836,06;0,00;0,00;186585
BRASIL;TELEPORTO RIO DE JANEIRO;J639LT6;TELEPORTO;04;2021;65366540;88.520,66;0,00;0,00;186585
ARGENTINA;Telepuerto Buenos Aires;J638LT1;TELEPORTO;01;2021;61210005;6.640,08;0,00;183.360,00;190626
ARGENTINA;Telepuerto Buenos Aires;J638LT1;TELEPORTO;02;2021;61210005;6.661,79;0,00;182.760,00;190626
ARGENTINA;Telepuerto Buenos Aires;J638LT1;TELEPORTO;03;2021;61210005;2.839,17;0,00;163.920,00;190626
VENEZUELA;Telepuerto Caracas;J643LT1;TELEPORTO;01;2021;61210005;1.146.136,21;0,00;61.560,00;187164
VENEZUELA;Telepuerto Caracas;J643LT1;TELEPORTO;02;2021;61210005;1.072.335,14;0,00;57.600,00;187164
EQUADOR;Telepuerto Guayaquil;J637LT6;TELEPORTO;11;2020;65366540;0,00;0,00;118.045,00;188693
EQUADOR;Telepuerto Guayaquil;J637LT6;TELEPORTO;12;2020;65366540;0,00;0,00;86.985,60;188693
EQUADOR;Telepuerto Guayaquil;J637LT6;TELEPORTO;01;2021;65366540;0,00;0,00;96.451,20;188693
EQUADOR;Telepuerto Guayaquil;J637LT6;TELEPORTO;02;2021;65366540;0,00;0,00;94.900,80;188693
EQUADOR;Telepuerto Guayaquil;J637LT6;TELEPORTO;03;2021;65366540;0,00;0,00;98.654,40;188693
EQUADOR;Telepuerto Guayaquil;J637LT6;TELEPORTO;04;2021;65366540;0,00;0,00;97.348,80;188693
EQUADOR;Telepuerto Quito;J637LT6;TELEPORTO;12;2020;65366540;0,00;0,00;17.976,73;188693
EQUADOR;Telepuerto Quito;J637LT6;TELEPORTO;01;2021;65366540;0,00;0,00;223.551,04;188693
EQUADOR;Telepuerto Quito;J637LT6;TELEPORTO;02;2021;65366540;0,00;0,00;195.734,73;188693
EQUADOR;Telepuerto Quito;J637LT6;TELEPORTO;03;2021;65366540;0,00;0,00;200.758,87;188693
EQUADOR;Telepuerto Quito;J637LT6;TELEPORTO;04;2021;65366540;0,00;0,00;203.422,85;188693
BRASIL;TEUTONIA;J639LT1;SHELTER;10;2020;61210005;393,80;0,00;61.575,00;188163
BRASIL;TEUTONIA;J639LT1;SHELTER;11;2020;61210005;405,74;0,00;64.621,00;188163
BRASIL;TEUTONIA;J639LT1;SHELTER;12;2020;61210005;477,01;0,00;3.289,00;188163
BRASIL;TEUTONIA;J639LT1;SHELTER;01;2021;61210005;490,70;0,00;3.467,00;188163
BRASIL;TEUTONIA;J639LT1;SHELTER;02;2021;61210005;477,71;0,00;3.483,00;188163
BRASIL;TEUTONIA;J639LT1;SHELTER;03;2021;61210005;421,22;0,00;3.074,00;188163
BRASIL;TEUTONIA;J639LT1;SHELTER;04;2021;61210005;480,88;0,00;3.506,00;188163
BRASIL;TIVIT TERC DE PROC SERV E TECNOL SA;J639LT1;DATACENTER;01;2021;61210005;12.993,86;0,00;0,00;187658
BRASIL;TIVIT TERC DE PROC SERV E TECNOL SA;J639LT1;DATACENTER;02;2021;61210005;12.993,86;0,00;0,00;187658
BRASIL;TIVIT TERC DE PROC SERV E TECNOL SA;J639LT1;DATACENTER;03;2021;61210005;12.993,86;0,00;0,00;187658
BRASIL;TIVIT TERC DE PROC SERV E TECNOL SA;J639LT1;DATACENTER;04;2021;61210005;12.993,86;0,00;0,00;187658
BRASIL;TRIUNFO;J639LT1;SHELTER;10;2020;61210005;317,22;0,00;19.505,00;188171
BRASIL;TRIUNFO;J639LT1;SHELTER;11;2020;61210005;303,50;0,00;21.376,82;188171
BRASIL;TRIUNFO;J639LT1;SHELTER;12;2020;61210005;375,90;0,00;2.079,00;188171
BRASIL;TRIUNFO;J639LT1;SHELTER;01;2021;61210005;330,17;0,00;1.959,00;188171
BRASIL;TRIUNFO;J639LT1;SHELTER;02;2021;61210005;347,29;0,00;2.044,00;188171
BRASIL;TRIUNFO;J639LT1;SHELTER;03;2021;61210005;294,58;0,00;1.814,00;188171
BRASIL;TRIUNFO;J639LT1;SHELTER;04;2021;61210005;316,58;0,00;1.950,00;188171
BRASIL;URUGUAIANA;J639LT1;SHELTER;10;2020;61210005;717,63;0,00;22.667,00;189054
BRASIL;URUGUAIANA;J639LT1;SHELTER;11;2020;61210005;850,55;0,00;27.514,00;189054
BRASIL;URUGUAIANA;J639LT1;SHELTER;01;2021;61210005;905,80;0,00;4.786,00;189054
BRASIL;URUGUAIANA;J639LT1;SHELTER;02;2021;61210005;807,37;0,00;4.526,00;189054
BRASIL;URUGUAIANA;J639LT1;SHELTER;03;2021;61210005;892,72;0,00;4.967,00;189054
BRASIL;URUGUAIANA;J639LT1;SHELTER;04;2021;61210005;837,04;0,00;4.687,00;189054
BRASIL;VACARIA;J639LT1;SHELTER;10;2020;61210005;478,76;0,00;48.374,00;189054
BRASIL;VACARIA;J639LT1;SHELTER;11;2020;61210005;560,23;0,00;51.472,00;189054
BRASIL;VACARIA;J639LT1;SHELTER;01;2021;61210005;605,88;0,00;3.151,00;189054
BRASIL;VACARIA;J639LT1;SHELTER;02;2021;61210005;517,95;0,00;2.816,00;189054
BRASIL;VACARIA;J639LT1;SHELTER;03;2021;61210005;573,68;0,00;3.098,00;189054
BRASIL;VACARIA;J639LT1;SHELTER;04;2021;61210005;519,52;0,00;2.814,00;189054
BRASIL;VARGINHA;J639LT1;SHELTER;10;2020;61210005;48,34;0,00;35.757,00;187744
BRASIL;VARGINHA;J639LT1;SHELTER;12;2020;61210005;752,21;0,00;11.760,00;187744
BRASIL;VARGINHA;J639LT1;SHELTER;01;2021;61210005;71,43;0,00;10.120,00;187744
BRASIL;VARGINHA;J639LT1;SHELTER;02;2021;61210005;77,24;0,00;10.120,00;187744
BRASIL;VARGINHA;J639LT1;SHELTER;03;2021;61210005;0,00;0,00;10.640,00;187744
BRASIL;VARGINHA;J639LT1;SHELTER;04;2021;61210005;0,00;0,00;10.000,00;187744
BRASIL;VASSOURAS;J639LT1;SHELTER;10;2020;61210005;880,23;0,00;7.531,00;186586
BRASIL;VASSOURAS;J639LT1;SHELTER;11;2020;61210005;772,73;0,00;7.581,00;186586
BRASIL;VASSOURAS;J639LT1;SHELTER;01;2021;61210005;524,52;0,00;2.480,00;186586
BRASIL;VASSOURAS;J639LT1;SHELTER;02;2021;61210005;551,54;0,00;2.880,00;186586
BRASIL;VASSOURAS;J639LT1;SHELTER;03;2021;61210005;505,94;0,00;2.640,00;186586
BRASIL;VASSOURAS;J639LT1;SHELTER;04;2021;61210005;548,32;0,00;2.640,00;186586
;;;;;;;6.436.455,55 ;0,00 ;40.154.327,900 ;186586
